TransactionID,Items
1,"Bread,Milk,Eggs"
2,"Bread,Diapers,Beer,Eggs"
3,"Milk,Diapers,Beer,Coke"
4,"Bread,Milk,Diapers,Beer"
5,"Bread,Milk,Diapers,Coke"
6,"Bread,Butter,Eggs"
7,"Milk,Eggs,Coke"
8,"Bread,Butter,Jam"
9,"Bread,Butter,Milk"
10,"Milk,Diapers,Beer"
11,"Bread,Butter,Eggs,Milk"
12,"Bread,Diapers,Coke"
13,"Milk,Beer,Eggs"
14,"Bread,Milk,Butter"
15,"Beer,Chips,Coke"
16,"Milk,Chips,Eggs"
17,"Bread,Chips,Milk"
18,"Diapers,Beer,Chips"
19,"Bread,Milk,Butter,Coke"
20,"Beer,Chips,Eggs"
21,"Milk,Butter,Jam"
22,"Bread,Butter,Beer"
23,"Milk,Diapers,Butter"
24,"Bread,Milk,Diapers,Butter"
25,"Bread,Beer,Coke"
26,"Beer,Chips,Eggs,Diapers"
27,"Bread,Butter,Eggs,Milk"
28,"Beer,Chips,Milk"
29,"Bread,Butter,Diapers"
30,"Beer,Chips,Coke"
31,"Milk,Eggs,Butter"
32,"Bread,Beer,Diapers"
33,"Bread,Milk,Chips"
34,"Beer,Coke,Eggs"
35,"Bread,Milk,Eggs,Butter"
36,"Milk,Beer,Diapers"
37,"Bread,Coke,Butter"
38,"Beer,Chips,Diapers"
39,"Bread,Butter,Eggs,Milk"
40,"Beer,Chips,Eggs"
41,"Bread,Milk,Butter"
42,"Bread,Milk,Beer"
43,"Milk,Chips,Beer"
44,"Bread,Milk,Eggs"
45,"Milk,Butter,Diapers"
46,"Bread,Chips,Beer"
47,"Bread,Butter,Milk,Coke"
48,"Beer,Chips,Butter"
49,"Bread,Milk,Diapers,Beer"
50,"Bread,Milk,Eggs"
