Transaction_ID,Customer_Age,Transaction_Amount,Transaction_Type,Time_of_Day,Account_Balance,Is_Fraud
1,35,120,Online,Evening,5000,0
2,52,9500,Transfer,Night,12000,1
3,28,250,POS,Afternoon,6000,0
4,47,7000,Transfer,Night,8000,1
5,39,400,Online,Morning,7000,0
6,60,15000,Transfer,Night,20000,1
7,31,300,POS,Afternoon,5500,0
8,45,9000,Transfer,Night,15000,1
9,33,200,POS,Morning,6200,0
10,50,8500,Online,Evening,14000,1
11,27,150,POS,Morning,5000,0
12,56,11000,Transfer,Night,22000,1
13,41,350,Online,Afternoon,7500,0
14,58,9500,Transfer,Night,18000,1
15,36,250,POS,Morning,6400,0
16,49,8700,Online,Evening,12000,1
17,29,180,POS,Afternoon,5300,0
18,55,10000,Transfer,Night,19000,1
19,32,200,Online,Morning,6100,0
20,61,12000,Transfer,Night,25000,1
21,38,400,POS,Afternoon,7200,0
22,54,9500,Transfer,Night,21000,1
23,30,220,Online,Morning,5900,0
24,48,8000,Online,Evening,16000,1
25,40,300,POS,Afternoon,7100,0
26,57,9800,Transfer,Night,20000,1
27,28,250,Online,Morning,5800,0
28,59,15000,Transfer,Night,27000,1
29,37,350,POS,Afternoon,6900,0
30,62,13000,Transfer,Night,30000,1
31,35,180,Online,Morning,6000,0
32,60,11500,Transfer,Night,26000,1
33,33,200,POS,Afternoon,6200,0
34,56,9500,Transfer,Night,21000,1
35,29,300,Online,Morning,5500,0
36,53,9000,Transfer,Night,17000,1
37,42,250,POS,Afternoon,7300,0
38,59,14000,Transfer,Night,28000,1
39,31,220,Online,Morning,5900,0
40,57,11000,Transfer,Night,23000,1
41,28,250,POS,Afternoon,6000,0
42,61,12500,Transfer,Night,29000,1
43,39,270,Online,Morning,6500,0
44,54,9800,Transfer,Night,21000,1
45,37,300,POS,Afternoon,7100,0
46,60,13500,Transfer,Night,25000,1
47,34,220,Online,Morning,5900,0
48,58,10000,Transfer,Night,20000,1
49,30,200,POS,Afternoon,6200,0
50,63,14500,Transfer,Night,31000,1
