User_ID,Age,Gender,Browsing_Time,Num_Purchases,Avg_Session_Time,Product_Category,Recommended
1,23,M,12,1,5.4,Electronics,0
2,35,F,25,4,8.2,Fashion,1
3,29,F,20,3,7.1,Home Decor,1
4,41,M,15,2,6.5,Groceries,0
5,27,M,18,2,7.0,Electronics,1
6,32,F,30,5,9.2,Fashion,1
7,22,M,10,1,5.1,Groceries,0
8,30,F,22,3,7.8,Home Decor,1
9,45,M,8,0,4.9,Groceries,0
10,37,F,24,4,8.3,Fashion,1
11,28,M,19,2,6.9,Electronics,1
12,31,F,26,4,8.1,Home Decor,1
13,39,M,12,1,5.8,Groceries,0
14,34,F,23,3,7.7,Fashion,1
15,26,M,17,2,6.4,Electronics,1
16,43,M,10,0,4.7,Groceries,0
17,25,F,21,3,7.5,Home Decor,1
18,33,M,13,1,5.9,Electronics,1
19,38,F,28,4,8.6,Fashion,1
20,29,M,18,2,6.8,Home Decor,1
21,40,M,9,0,4.8,Groceries,0
22,27,F,20,3,7.2,Electronics,1
23,35,M,16,2,6.3,Fashion,1
24,42,F,14,1,5.7,Groceries,0
25,24,M,11,1,5.5,Electronics,0
26,36,F,27,4,8.5,Fashion,1
27,30,M,15,2,6.6,Home Decor,1
28,44,F,13,1,5.4,Groceries,0
29,28,M,19,3,7.0,Electronics,1
30,41,M,9,0,4.9,Groceries,0
31,32,F,25,4,8.4,Fashion,1
32,23,M,12,1,5.3,Electronics,0
33,37,F,24,4,8.0,Home Decor,1
34,26,M,16,2,6.5,Electronics,1
35,45,F,8,0,4.6,Groceries,0
36,34,M,18,3,7.3,Home Decor,1
37,31,F,22,3,7.8,Fashion,1
38,27,M,14,2,6.0,Electronics,1
39,43,F,10,1,5.0,Groceries,0
40,29,M,17,2,6.7,Home Decor,1
41,38,F,26,4,8.7,Fashion,1
42,24,M,13,1,5.8,Electronics,0
43,33,F,23,3,7.5,Home Decor,1
44,46,M,7,0,4.4,Groceries,0
45,28,F,21,3,7.6,Fashion,1
46,35,M,19,2,6.9,Electronics,1
47,25,F,20,2,7.4,Home Decor,1
48,39,M,11,1,5.6,Groceries,0
49,31,F,27,4,8.8,Fashion,1
50,27,M,15,2,6.2,Electronics,1
