Customer_ID,Monthly_Charges,Total_Charges,Tenure,Contract_Type,Support_Calls,Churn
1,45.5,2000,40,Two year,1,No
2,70.0,1500,20,One year,3,Yes
3,55.0,2200,45,Two year,2,No
4,80.0,900,12,Month-to-month,5,Yes
5,60.0,2500,50,Two year,1,No
6,85.0,1000,10,Month-to-month,6,Yes
7,50.0,2300,48,Two year,2,No
8,78.0,1200,14,One year,4,Yes
9,52.0,2400,47,Two year,1,No
10,90.0,800,8,Month-to-month,6,Yes
11,65.0,2600,52,Two year,1,No
12,75.0,1300,16,One year,4,Yes
13,48.0,2100,43,Two year,2,No
14,88.0,700,6,Month-to-month,7,Yes
15,57.0,2000,40,One year,3,No
16,92.0,600,5,Month-to-month,8,Yes
17,53.0,2300,46,Two year,1,No
18,80.0,1100,15,One year,5,Yes
19,49.0,2400,48,Two year,2,No
20,85.0,900,9,Month-to-month,7,Yes
21,60.0,2100,42,Two year,1,No
22,77.0,1300,18,One year,4,Yes
23,50.0,2500,49,Two year,1,No
24,84.0,950,11,Month-to-month,5,Yes
25,52.0,2200,44,Two year,2,No
26,73.0,1400,17,One year,3,Yes
27,46.0,2300,47,Two year,1,No
28,88.0,800,9,Month-to-month,6,Yes
29,58.0,2000,39,One year,3,No
30,90.0,700,7,Month-to-month,8,Yes
31,56.0,2400,45,Two year,1,No
32,82.0,1200,13,One year,4,Yes
33,47.0,2500,50,Two year,2,No
34,79.0,1100,14,Month-to-month,5,Yes
35,63.0,2200,41,Two year,1,No
36,85.0,900,10,Month-to-month,6,Yes
37,54.0,2300,48,Two year,1,No
38,76.0,1250,16,One year,4,Yes
39,59.0,2000,40,One year,2,No
40,91.0,750,8,Month-to-month,7,Yes
41,53.0,2400,49,Two year,1,No
42,87.0,1000,9,Month-to-month,6,Yes
43,55.0,2100,43,Two year,1,No
44,74.0,1300,17,One year,3,Yes
45,48.0,2300,46,Two year,2,No
46,83.0,950,12,Month-to-month,5,Yes
47,61.0,2200,44,Two year,1,No
48,89.0,800,7,Month-to-month,7,Yes
49,50.0,2400,47,Two year,1,No
50,78.0,1100,15,One year,4,Yes
