SessionID,Pages
1,"Home,Products,Cart,Checkout"
2,"Home,Products,Cart"
3,"Home,About,Contact"
4,"Home,Products,Offers,Cart,Checkout"
5,"Home,Offers,Products,Cart"
6,"Home,Products"
7,"Home,Products,Cart,Checkout"
8,"Home,About,Products,Cart"
9,"Home,Products,Cart,Checkout"
10,"Home,Offers,Contact"
11,"Home,Products,Cart"
12,"Home,Products,Offers"
13,"Home,Contact"
14,"Home,Products,Cart"
15,"Home,About,Products,Cart"
16,"Home,Products,Offers,Cart,Checkout"
17,"Home,Products"
18,"Home,Products,Cart"
19,"Home,About,Products,Cart,Checkout"
20,"Home,Products,Offers,Cart"
21,"Home,Products,Cart,Checkout"
22,"Home,Products"
23,"Home,Offers,Products,Cart"
24,"Home,Products,Cart,Checkout"
25,"Home,Contact"
26,"Home,Products,Offers,Cart"
27,"Home,Products,Cart"
28,"Home,Offers,Cart,Checkout"
29,"Home,Products,Cart"
30,"Home,Products,Offers"
31,"Home,Products,Cart,Checkout"
32,"Home,Products"
33,"Home,Products,Cart"
34,"Home,Offers,Products,Cart,Checkout"
35,"Home,Products,Cart,Checkout"
36,"Home,Products,Offers"
37,"Home,Products"
38,"Home,Products,Cart"
39,"Home,Products,Offers,Cart"
40,"Home,Products,Cart,Checkout"
41,"Home,Products,Offers"
42,"Home,About,Products,Cart"
43,"Home,Products,Cart"
44,"Home,Offers,Products,Cart"
45,"Home,Products,Cart,Checkout"
46,"Home,Products,Offers"
47,"Home,Products,Cart"
48,"Home,Products,Cart,Checkout"
49,"Home,Products,Offers"
50,"Home,Products,Cart"
