PrescriptionID,Drugs
1,"Paracetamol,Amoxicillin"
2,"Paracetamol,Azithromycin"
3,"Amoxicillin,Metformin,Atorvastatin"
4,"Paracetamol,Amoxicillin,Ibuprofen"
5,"Azithromycin,Paracetamol"
6,"Amoxicillin,Paracetamol"
7,"Amoxicillin,Ibuprofen"
8,"Metformin,Atorvastatin"
9,"Paracetamol,Amoxicillin,Omeprazole"
10,"Metformin,Paracetamol"
11,"Amoxicillin,Paracetamol"
12,"Paracetamol,Amoxicillin,Ibuprofen"
13,"Metformin,Amoxicillin"
14,"Amoxicillin,Atorvastatin"
15,"Paracetamol,Ibuprofen"
16,"Paracetamol,Metformin"
17,"Amoxicillin,Omeprazole"
18,"Paracetamol,Amoxicillin,Metformin"
19,"Amoxicillin,Azithromycin"
20,"Metformin,Atorvastatin,Paracetamol"
21,"Amoxicillin,Ibuprofen,Paracetamol"
22,"Paracetamol,Omeprazole"
23,"Metformin,Atorvastatin"
24,"Paracetamol,Amoxicillin,Ibuprofen"
25,"Paracetamol,Amoxicillin,Azithromycin"
26,"Amoxicillin,Paracetamol,Metformin"
27,"Metformin,Atorvastatin,Amoxicillin"
28,"Paracetamol,Amoxicillin,Atorvastatin"
29,"Metformin,Paracetamol,Atorvastatin"
30,"Amoxicillin,Paracetamol,Ibuprofen"
31,"Paracetamol,Azithromycin"
32,"Amoxicillin,Omeprazole"
33,"Paracetamol,Metformin"
34,"Amoxicillin,Paracetamol"
35,"Metformin,Atorvastatin,Paracetamol"
36,"Paracetamol,Amoxicillin,Metformin"
37,"Amoxicillin,Ibuprofen"
38,"Paracetamol,Metformin"
39,"Paracetamol,Amoxicillin,Ibuprofen"
40,"Amoxicillin,Atorvastatin"
41,"Paracetamol,Azithromycin"
42,"Metformin,Paracetamol"
43,"Amoxicillin,Metformin,Paracetamol"
44,"Paracetamol,Amoxicillin"
45,"Metformin,Atorvastatin,Paracetamol"
46,"Paracetamol,Amoxicillin,Ibuprofen"
47,"Amoxicillin,Paracetamol"
48,"Amoxicillin,Metformin"
49,"Paracetamol,Metformin,Atorvastatin"
50,"Amoxicillin,Paracetamol,Ibuprofen"
