Review_ID,Review_Text,Sentiment
1,The product quality is amazing and exceeded my expectations,Positive
2,Very bad experience the item broke after one use,Negative
3,Excellent service and quick delivery,Positive
4,The size was wrong and material feels cheap,Negative
5,Totally worth the money I love it,Positive
6,Not satisfied the product looks different from the picture,Negative
7,Great purchase will buy again,Positive
8,Poor packaging and slow delivery,Negative
9,Absolutely perfect fit and comfortable,Positive
10,Defective piece received very disappointed,Negative
11,Value for money highly recommended,Positive
12,Customer support was rude and unhelpful,Negative
13,Awesome quality and fast shipping,Positive
14,The color faded after washing once,Negative
15,Product arrived on time and works perfectly,Positive
16,Not as described the product is fake,Negative
17,Fantastic design and easy to use,Positive
18,Received a broken item totally unhappy,Negative
19,Great quality material and perfect fit,Positive
20,The order was delayed by two weeks,Negative
21,Completely satisfied with the purchase,Positive
22,Battery life is terrible waste of money,Negative
23,Love the product would recommend to others,Positive
24,The stitching came off after a few days,Negative
25,Really good product feels premium,Positive
26,Poo
