House_ID,Location,Size_sqft,Bedrooms,Amenities_Score,Price
1,City Center,1200,2,8,150000
2,Suburb,1500,3,6,175000
3,City Center,850,1,9,130000
4,Suburb,1800,3,7,190000
5,Outskirts,2000,4,5,170000
6,City Center,950,2,9,140000
7,Suburb,1600,3,6,180000
8,Outskirts,2200,4,4,165000
9,City Center,1100,2,8,155000
10,Suburb,1450,3,7,178000
11,Outskirts,2500,5,3,160000
12,City Center,1000,2,9,145000
13,Suburb,1700,3,6,185000
14,Outskirts,2300,4,5,168000
15,City Center,1250,2,8,152000
16,Suburb,1550,3,7,180000
17,Outskirts,2100,4,4,162000
18,City Center,900,2,9,138000
19,Suburb,1650,3,6,182000
20,Outskirts,2400,4,5,170000
21,City Center,1150,2,8,150000
22,Suburb,1750,3,7,188000
23,Outskirts,2600,5,4,172000
24,City Center,950,1,9,135000
25,Suburb,1600,3,6,179000
26,Outskirts,2250,4,5,165000
27,City Center,1050,2,8,148000
28,Suburb,1500,3,7,176000
29,Outskirts,2150,4,4,163000
30,City Center,1200,2,8,151000
31,Suburb,1700,3,6,184000
32,Outskirts,2450,4,5,169000
33,City Center,980,2,9,142000
34,Suburb,1600,3,6,180000
35,Outskirts,2300,4,5,166000
36,City Center,1150,2,8,149000
37,Suburb,1550,3,7,181000
38,Outskirts,2100,4,4,161000
39,City Center,900,1,9,137000
40,Suburb,1800,3,7,189000
41,Outskirts,2500,5,4,171000
42,City Center,950,2,8,140000
43,Suburb,1650,3,6,183000
44,Outskirts,2400,4,5,167000
45,City Center,1050,2,8,147000
46,Suburb,1500,3,7,177000
47,Outskirts,2250,4,4
