TransactionID,Items
1,"Razor,Shaving Cream,Aftershave"
2,"Baby Formula,Diapers,Beer"
3,"Lipstick,Perfume"
4,"Razor,Deodorant,Aftershave"
5,"Cigarettes,Lighter"
6,"Baby Formula,Beer"
7,"Perfume,Deodorant"
8,"Energy Drink,Chips"
9,"Cigarettes,Lighter,Batteries"
10,"Perfume,Makeup Kit"
11,"Razor,Aftershave"
12,"Baby Formula,Diapers,Energy Drink"
13,"Beer,Chips"
14,"Cigarettes,Lighter"
15,"Baby Formula,Beer"
16,"Perfume,Makeup Kit"
17,"Razor,Aftershave,Deodorant"
18,"Cigarettes,Lighter"
19,"Baby Formula,Diapers,Beer"
20,"Perfume,Lipstick"
21,"Cigarettes,Lighter"
22,"Razor,Aftershave"
23,"Baby Formula,Beer"
24,"Perfume,Makeup Kit,Deodorant"
25,"Cigarettes,Lighter,Batteries"
26,"Baby Formula,Beer,Energy Drink"
27,"Perfume,Lipstick"
28,"Razor,Aftershave,Deodorant"
29,"Cigarettes,Lighter"
30,"Baby Formula,Beer,Diapers"
31,"Razor,Aftershave"
32,"Perfume,Deodorant"
33,"Baby Formula,Beer,Chips"
34,"Cigarettes,Lighter,Batteries"
35,"Perfume,Makeup Kit"
36,"Baby Formula,Beer"
37,"Razor,Deodorant"
38,"Cigarettes,Lighter"
39,"Perfume,Lipstick,Makeup Kit"
40,"Baby Formula,Diapers,Beer"
41,"Cigarettes,Lighter"
42,"Razor,Aftershave,Deodorant"
43,"Baby Formula,Beer,Energy Drink"
44,"Perfume,Deodorant"
45,"Cigarettes,Lighter"
46,"Razor,Aftershave"
47,"Baby Formula,Beer,Diapers"
48,"Perfume,Lipstick"
49,"Cigarettes,Lighter,Batteries"
50,"Baby Formula,Beer"
