PatientID,Fever,Cough,Headache,Fatigue,ShortnessOfBreath,Diabetes,Hypertension,Treatment
1,1,1,1,0,0,0,0,"Paracetamol,Cough Syrup"
2,1,0,1,1,0,1,0,"Paracetamol,Insulin"
3,0,1,0,1,0,0,0,"Cough Syrup,Vitamin C"
4,1,1,1,1,1,0,1,"Paracetamol,Oxygen,Antibiotics"
5,0,0,0,0,0,1,1,"Insulin,Blood Pressure Med"
6,1,1,1,0,1,0,0,"Paracetamol,Oxygen"
7,0,0,0,1,1,1,0,"Insulin,Oxygen"
8,1,0,0,0,0,0,0,"Paracetamol"
9,0,1,0,0,0,0,0,"Cough Syrup"
10,1,1,1,1,0,1,1,"Paracetamol,Insulin,Antibiotics"
11,0,0,1,0,1,0,0,"Oxygen"
12,1,1,0,0,0,0,0,"Paracetamol,Cough Syrup"
13,1,0,1,1,0,0,1,"Paracetamol,Antibiotics"
14,0,1,0,0,1,1,0,"Insulin,Oxygen"
15,1,1,1,1,1,1,1,"Paracetamol,Oxygen,Insulin,Antibiotics"
16,0,0,1,0,0,0,1,"Blood Pressure Med"
17,1,1,0,0,0,1,0,"Paracetamol,Insulin"
18,1,0,1,1,0,0,0,"Paracetamol,Vitamin C"
19,0,1,0,1,1,0,0,"Cough Syrup,Oxygen"
20,1,1,1,1,1,1,0,"Paracetamol,Oxygen,Insulin"
21,1,1,0,1,0,0,0,"Paracetamol,Cough Syrup"
22,0,0,0,0,1,1,1,"Insulin,Blood Pressure Med,Oxygen"
23,1,0,1,0,0,0,0,"Paracetamol"
24,0,1,1,0,1,0,0,"Cough Syrup,Oxygen"
25,1,1,1,1,0,1,1,"Paracetamol,Insulin,Antibiotics"
26,0,0,1,0,0,0,1,"Blood Pressure Med"
27,1,1,0,0,1,0,0,"Paracetamol,Oxygen"
28,1,0,1,1,0,0,0,"Paracetamol,Vitamin C"
29,0,1,0,1,1,0,0,"Cough Syrup,Oxygen"
30,1,1,1,1,1,1,1,"Paracetamol,Oxygen,Insulin,Antibiotics"
31,0,0,0,1,1,1,1,"Insulin,Oxygen,Blood Pressure Med"
32,1,1,1,0,0,0,0,"Paracetamol,Cough Syrup"
33,1,0,0,1,0,1,0,"Paracetamol,Insulin"
34,0,0,1,1,0,0,0,"Vitamin C"
35,1,1,1,1,1,0,1,"Paracetamol,Oxygen,Antibiotics"
36,0,1,0,1,1,0,0,"Cough Syrup,Oxygen"
37,1,1,1,0,1,0,0,"Paracetamol,Oxygen"
38,0,0,0,0,0,1,1,"Insulin,Blood Pressure Med"
39,1,1,0,1,1,1,0,"Paracetamol,Insulin,Oxygen"
40,1,0,1,0,0,0,0,"Paracetamol"
41,0,1,0,0,1,0,0,"Cough Syrup,Oxygen"
42,1,1,1,1,1,1,1,"Paracetamol,Insulin,Antibiotics,Oxygen"
43,0,0,1,0,1,0,0,"Oxygen"
44,1,1,1,0,1,0,0,"Paracetamol,Oxygen"
45,0,0,0,1,1,1,0,"Insulin,Oxygen"
46,1,1,1,1,0,1,1,"Paracetamol,Insulin,Antibiotics"
47,0,1,1,0,0,0,0,"Cough Syrup,Vitamin C"
48,1,0,0,1,0,0,0,"Paracetamol"
49,0,1,0,1,1,0,0,"Cough Syrup,Oxygen"
50,1,1,1,1,1,1,1,"Paracetamol,Oxygen,Insulin,Antibiotics"
51,0,1,0,1,0,1,0,"Insulin,Oxygen"
52,1,0,1,1,0,0,1,"Paracetamol,Antibiotics"
53,0,1,0,0,1,1,0,"Insulin,Oxygen"
54,1,1,1,1,1,0,1,"Paracetamol,Oxygen,Antibiotics"
55,0,0,0,0,0,1,1,"Insulin,Blood Pressure Med"
56,1,1,1,1,0,1,0,"Paracetamol,Insulin"
57,0,1,0,1,1,0,0,"Cough Syrup,Oxygen"
58,1,0,1,0,0,0,0,"Paracetamol"
59,1,1,1,1,1,0,1,"Paracetamol,Oxygen,Antibiotics"
60,0,1,0,1,1,0,0,"Cough Syrup,Oxygen"
